,base,snap,calc,ex_en,osc
0,/home/share/wesolowski/NR_CGE_HUJI,250,5_Angstroms/emb1,3.49323,2.492681
1,/home/share/wesolowski/NR_CGE_HUJI,251,5_Angstroms/emb1,3.513703,2.546396
2,/home/share/wesolowski/NR_CGE_HUJI,252,5_Angstroms/emb1,3.653803,2.604105
3,/home/share/wesolowski/NR_CGE_HUJI,253,5_Angstroms/emb1,3.578282,2.576999
4,/home/share/wesolowski/NR_CGE_HUJI,254,5_Angstroms/emb1,3.253524,2.691593
5,/home/share/wesolowski/NR_CGE_HUJI,255,5_Angstroms/emb1,3.78937,2.440393
6,/home/share/wesolowski/NR_CGE_HUJI,256,5_Angstroms/emb1,3.41407,2.5526
7,/home/share/wesolowski/NR_CGE_HUJI,257,5_Angstroms/emb1,3.259333,2.442478
8,/home/share/wesolowski/NR_CGE_HUJI,258,5_Angstroms/emb1,3.42161,2.601594
9,/home/share/wesolowski/NR_CGE_HUJI,259,5_Angstroms/emb1,3.888687,2.454647
10,/home/share/wesolowski/NR_CGE_HUJI,260,5_Angstroms/emb1,3.33331,2.526825
11,/home/share/wesolowski/NR_CGE_HUJI,261,5_Angstroms/emb1,3.621911,2.488674
12,/home/share/wesolowski/NR_CGE_HUJI,262,5_Angstroms/emb1,3.419771,2.618134
13,/home/share/wesolowski/NR_CGE_HUJI,263,5_Angstroms/emb1,3.659936,2.647252
14,/home/share/wesolowski/NR_CGE_HUJI,264,5_Angstroms/emb1,3.520804,2.432751
15,/home/share/wesolowski/NR_CGE_HUJI,265,5_Angstroms/emb1,3.654022,2.660994
16,/home/share/wesolowski/NR_CGE_HUJI,266,5_Angstroms/emb1,3.413193,2.576972
17,/home/share/wesolowski/NR_CGE_HUJI,267,5_Angstroms/emb1,3.246926,2.635302
18,/home/share/wesolowski/NR_CGE_HUJI,268,5_Angstroms/emb1,3.51128,2.573163
19,/home/share/wesolowski/NR_CGE_HUJI,269,5_Angstroms/emb1,3.366183,2.493951
20,/home/share/wesolowski/NR_CGE_HUJI,270,5_Angstroms/emb1,3.126383,2.595419
21,/home/share/wesolowski/NR_CGE_HUJI,271,5_Angstroms/emb1,3.369872,2.572805
22,/home/share/wesolowski/NR_CGE_HUJI,272,5_Angstroms/emb1,3.408091,2.607527
23,/home/share/wesolowski/NR_CGE_HUJI,273,5_Angstroms/emb1,3.384293,2.413284
24,/home/share/wesolowski/NR_CGE_HUJI,274,5_Angstroms/emb1,3.633091,2.523056
25,/home/share/wesolowski/NR_CGE_HUJI,275,5_Angstroms/emb1,3.37831,2.590517
26,/home/share/wesolowski/NR_CGE_HUJI,276,5_Angstroms/emb1,3.383412,2.645088
27,/home/share/wesolowski/NR_CGE_HUJI,277,5_Angstroms/emb1,3.116429,2.550327
28,/home/share/wesolowski/NR_CGE_HUJI,278,5_Angstroms/emb1,3.511742,2.672524
29,/home/share/wesolowski/NR_CGE_HUJI,279,5_Angstroms/emb1,3.664198,2.515509
30,/home/share/wesolowski/NR_CGE_HUJI,280,5_Angstroms/emb1,3.578129,2.592862
31,/home/share/wesolowski/NR_CGE_HUJI,281,5_Angstroms/emb1,3.431572,2.525387
32,/home/share/wesolowski/NR_CGE_HUJI,282,5_Angstroms/emb1,3.394705,2.635015
33,/home/share/wesolowski/NR_CGE_HUJI,283,5_Angstroms/emb1,3.391952,2.58513
34,/home/share/wesolowski/NR_CGE_HUJI,284,5_Angstroms/emb1,3.319588,2.543978
35,/home/share/wesolowski/NR_CGE_HUJI,285,5_Angstroms/emb1,3.203712,2.521089
36,/home/share/wesolowski/NR_CGE_HUJI,286,5_Angstroms/emb1,3.43905,2.681245
37,/home/share/wesolowski/NR_CGE_HUJI,287,5_Angstroms/emb1,3.225426,2.527378
38,/home/share/wesolowski/NR_CGE_HUJI,288,5_Angstroms/emb1,3.339987,2.551875
39,/home/share/wesolowski/NR_CGE_HUJI,289,5_Angstroms/emb1,3.566279,2.505516
40,/home/share/wesolowski/NR_CGE_HUJI,290,5_Angstroms/emb1,3.354752,2.47922
41,/home/share/wesolowski/NR_CGE_HUJI,291,5_Angstroms/emb1,3.204413,2.447195
42,/home/share/wesolowski/NR_CGE_HUJI,292,5_Angstroms/emb1,3.558983,2.537848
43,/home/share/wesolowski/NR_CGE_HUJI,293,5_Angstroms/emb1,3.234529,2.548324
44,/home/share/wesolowski/NR_CGE_HUJI,294,5_Angstroms/emb1,3.557547,2.502905
45,/home/share/wesolowski/NR_CGE_HUJI,295,5_Angstroms/emb1,3.435756,2.475365
46,/home/share/wesolowski/NR_CGE_HUJI,296,5_Angstroms/emb1,3.168619,2.569898
47,/home/share/wesolowski/NR_CGE_HUJI,297,5_Angstroms/emb1,3.146526,2.582691
48,/home/share/wesolowski/NR_CGE_HUJI,298,5_Angstroms/emb1,3.311093,2.554125
49,/home/share/wesolowski/NR_CGE_HUJI,299,5_Angstroms/emb1,3.399974,2.577205
50,/home/share/wesolowski/NR_CGE_HUJI,300,5_Angstroms/emb1,3.657144,2.592707
51,/home/share/wesolowski/NR_CGE_HUJI,301,5_Angstroms/emb1,3.44046,2.53439
52,/home/share/wesolowski/NR_CGE_HUJI,302,5_Angstroms/emb1,3.259704,2.601291
53,/home/share/wesolowski/NR_CGE_HUJI,303,5_Angstroms/emb1,3.345495,2.592956
54,/home/share/wesolowski/NR_CGE_HUJI,304,5_Angstroms/emb1,3.435538,2.60313
55,/home/share/wesolowski/NR_CGE_HUJI,305,5_Angstroms/emb1,3.415214,2.679835
56,/home/share/wesolowski/NR_CGE_HUJI,306,5_Angstroms/emb1,3.500905,2.531455
57,/home/share/wesolowski/NR_CGE_HUJI,307,5_Angstroms/emb1,3.162302,2.661572
58,/home/share/wesolowski/NR_CGE_HUJI,308,5_Angstroms/emb1,3.209078,2.698176
59,/home/share/wesolowski/NR_CGE_HUJI,309,5_Angstroms/emb1,3.333659,2.567089
60,/home/share/wesolowski/NR_CGE_HUJI,310,5_Angstroms/emb1,3.385857,2.608012
61,/home/share/wesolowski/NR_CGE_HUJI,311,5_Angstroms/emb1,3.306912,2.47208
62,/home/share/wesolowski/NR_CGE_HUJI,312,5_Angstroms/emb1,3.523006,2.637025
63,/home/share/wesolowski/NR_CGE_HUJI,313,5_Angstroms/emb1,3.354317,2.591907
64,/home/share/wesolowski/NR_CGE_HUJI,314,5_Angstroms/emb1,3.320597,2.543253
65,/home/share/wesolowski/NR_CGE_HUJI,315,5_Angstroms/emb1,3.503004,2.645111
66,/home/share/wesolowski/NR_CGE_HUJI,316,5_Angstroms/emb1,3.521768,2.632463
67,/home/share/wesolowski/NR_CGE_HUJI,317,5_Angstroms/emb1,3.257159,2.618129
68,/home/share/wesolowski/NR_CGE_HUJI,318,5_Angstroms/emb1,3.296464,2.645182
69,/home/share/wesolowski/NR_CGE_HUJI,319,5_Angstroms/emb1,3.380059,2.533232
70,/home/share/wesolowski/NR_CGE_HUJI,320,5_Angstroms/emb1,3.575758,2.542229
71,/home/share/wesolowski/NR_CGE_HUJI,321,5_Angstroms/emb1,3.150631,2.514886
72,/home/share/wesolowski/NR_CGE_HUJI,322,5_Angstroms/emb1,3.153967,2.590003
73,/home/share/wesolowski/NR_CGE_HUJI,323,5_Angstroms/emb1,3.361438,2.501774
74,/home/share/wesolowski/NR_CGE_HUJI,324,5_Angstroms/emb1,3.393133,2.530692
75,/home/share/wesolowski/NR_CGE_HUJI,325,5_Angstroms/emb1,3.589148,2.589251
76,/home/share/wesolowski/NR_CGE_HUJI,326,5_Angstroms/emb1,3.232408,2.523733
77,/home/share/wesolowski/NR_CGE_HUJI,327,5_Angstroms/emb1,3.309095,2.507077
78,/home/share/wesolowski/NR_CGE_HUJI,328,5_Angstroms/emb1,3.672452,2.414269
79,/home/share/wesolowski/NR_CGE_HUJI,329,5_Angstroms/emb1,3.201278,2.704596
80,/home/share/wesolowski/NR_CGE_HUJI,330,5_Angstroms/emb1,3.318659,2.301126
81,/home/share/wesolowski/NR_CGE_HUJI,331,5_Angstroms/emb1,3.499453,2.595944
82,/home/share/wesolowski/NR_CGE_HUJI,332,5_Angstroms/emb1,3.640498,2.360965
83,/home/share/wesolowski/NR_CGE_HUJI,333,5_Angstroms/emb1,3.537958,2.482216
84,/home/share/wesolowski/NR_CGE_HUJI,334,5_Angstroms/emb1,3.636504,2.53814
85,/home/share/wesolowski/NR_CGE_HUJI,335,5_Angstroms/emb1,3.418859,2.494203
86,/home/share/wesolowski/NR_CGE_HUJI,336,5_Angstroms/emb1,3.278256,2.403518
87,/home/share/wesolowski/NR_CGE_HUJI,337,5_Angstroms/emb1,3.421155,2.484207
88,/home/share/wesolowski/NR_CGE_HUJI,338,5_Angstroms/emb1,3.045311,2.488574
89,/home/share/wesolowski/NR_CGE_HUJI,339,5_Angstroms/emb1,3.561084,2.572379
90,/home/share/wesolowski/NR_CGE_HUJI,340,5_Angstroms/emb1,3.51675,2.570113
91,/home/share/wesolowski/NR_CGE_HUJI,341,5_Angstroms/emb1,3.807872,2.567852
92,/home/share/wesolowski/NR_CGE_HUJI,342,5_Angstroms/emb1,3.74663,2.579437
93,/home/share/wesolowski/NR_CGE_HUJI,343,5_Angstroms/emb1,3.453232,2.469684
94,/home/share/wesolowski/NR_CGE_HUJI,344,5_Angstroms/emb1,3.318745,2.591292
95,/home/share/wesolowski/NR_CGE_HUJI,345,5_Angstroms/emb1,3.655688,2.591243
96,/home/share/wesolowski/NR_CGE_HUJI,346,5_Angstroms/emb1,3.682901,2.605213
97,/home/share/wesolowski/NR_CGE_HUJI,347,5_Angstroms/emb1,3.646027,2.597115
98,/home/share/wesolowski/NR_CGE_HUJI,348,5_Angstroms/emb1,3.466755,2.545364
99,/home/share/wesolowski/NR_CGE_HUJI,349,5_Angstroms/emb1,3.143668,2.647958
100,/home/share/wesolowski/NR_CGE_HUJI,350,5_Angstroms/emb1,3.12701,2.498693
101,/home/share/wesolowski/NR_CGE_HUJI,351,5_Angstroms/emb1,3.48789,2.683472
102,/home/share/wesolowski/NR_CGE_HUJI,352,5_Angstroms/emb1,3.110157,2.573505
103,/home/share/wesolowski/NR_CGE_HUJI,353,5_Angstroms/emb1,3.419144,2.46036
104,/home/share/wesolowski/NR_CGE_HUJI,354,5_Angstroms/emb1,3.181343,2.677088
105,/home/share/wesolowski/NR_CGE_HUJI,355,5_Angstroms/emb1,3.287642,2.480016
106,/home/share/wesolowski/NR_CGE_HUJI,356,5_Angstroms/emb1,3.239104,2.44863
107,/home/share/wesolowski/NR_CGE_HUJI,357,5_Angstroms/emb1,3.523487,2.501147
108,/home/share/wesolowski/NR_CGE_HUJI,358,5_Angstroms/emb1,3.372392,2.6102
109,/home/share/wesolowski/NR_CGE_HUJI,359,5_Angstroms/emb1,3.580706,2.565132
110,/home/share/wesolowski/NR_CGE_HUJI,360,5_Angstroms/emb1,3.300061,2.66573
111,/home/share/wesolowski/NR_CGE_HUJI,361,5_Angstroms/emb1,3.562283,2.395415
112,/home/share/wesolowski/NR_CGE_HUJI,362,5_Angstroms/emb1,3.641588,2.441673
113,/home/share/wesolowski/NR_CGE_HUJI,363,5_Angstroms/emb1,3.851797,2.563884
114,/home/share/wesolowski/NR_CGE_HUJI,364,5_Angstroms/emb1,3.626067,2.589327
115,/home/share/wesolowski/NR_CGE_HUJI,365,5_Angstroms/emb1,3.606271,2.592771
116,/home/share/wesolowski/NR_CGE_HUJI,366,5_Angstroms/emb1,3.611452,2.667296
117,/home/share/wesolowski/NR_CGE_HUJI,367,5_Angstroms/emb1,3.36576,2.597099
118,/home/share/wesolowski/NR_CGE_HUJI,368,5_Angstroms/emb1,3.508195,2.518147
119,/home/share/wesolowski/NR_CGE_HUJI,369,5_Angstroms/emb1,3.131938,2.539669
120,/home/share/wesolowski/NR_CGE_HUJI,370,5_Angstroms/emb1,3.35851,2.628128
121,/home/share/wesolowski/NR_CGE_HUJI,371,5_Angstroms/emb1,3.648569,2.702012
122,/home/share/wesolowski/NR_CGE_HUJI,372,5_Angstroms/emb1,3.277943,2.541729
123,/home/share/wesolowski/NR_CGE_HUJI,373,5_Angstroms/emb1,3.175288,2.44947
124,/home/share/wesolowski/NR_CGE_HUJI,374,5_Angstroms/emb1,3.865324,2.41804
125,/home/share/wesolowski/NR_CGE_HUJI,375,5_Angstroms/emb1,3.491497,2.656235
126,/home/share/wesolowski/NR_CGE_HUJI,376,5_Angstroms/emb1,3.700109,2.446667
127,/home/share/wesolowski/NR_CGE_HUJI,377,5_Angstroms/emb1,3.239937,2.562281
128,/home/share/wesolowski/NR_CGE_HUJI,378,5_Angstroms/emb1,3.500816,2.656776
129,/home/share/wesolowski/NR_CGE_HUJI,379,5_Angstroms/emb1,3.349327,2.565947
130,/home/share/wesolowski/NR_CGE_HUJI,380,5_Angstroms/emb1,3.481293,2.454297
131,/home/share/wesolowski/NR_CGE_HUJI,381,5_Angstroms/emb1,3.500996,2.627839
132,/home/share/wesolowski/NR_CGE_HUJI,382,5_Angstroms/emb1,3.639014,2.559547
133,/home/share/wesolowski/NR_CGE_HUJI,383,5_Angstroms/emb1,3.553903,2.537048
134,/home/share/wesolowski/NR_CGE_HUJI,384,5_Angstroms/emb1,3.364697,2.498698
135,/home/share/wesolowski/NR_CGE_HUJI,385,5_Angstroms/emb1,3.379026,2.531771
136,/home/share/wesolowski/NR_CGE_HUJI,386,5_Angstroms/emb1,3.563788,2.600423
137,/home/share/wesolowski/NR_CGE_HUJI,387,5_Angstroms/emb1,3.567616,2.611855
138,/home/share/wesolowski/NR_CGE_HUJI,388,5_Angstroms/emb1,3.464198,2.597796
139,/home/share/wesolowski/NR_CGE_HUJI,389,5_Angstroms/emb1,3.368775,2.545991
140,/home/share/wesolowski/NR_CGE_HUJI,390,5_Angstroms/emb1,3.588027,2.463141
141,/home/share/wesolowski/NR_CGE_HUJI,391,5_Angstroms/emb1,3.420923,2.492069
142,/home/share/wesolowski/NR_CGE_HUJI,392,5_Angstroms/emb1,3.724564,2.418984
143,/home/share/wesolowski/NR_CGE_HUJI,393,5_Angstroms/emb1,3.45688,2.513842
144,/home/share/wesolowski/NR_CGE_HUJI,394,5_Angstroms/emb1,3.548401,2.552849
145,/home/share/wesolowski/NR_CGE_HUJI,395,5_Angstroms/emb1,3.647199,2.521791
146,/home/share/wesolowski/NR_CGE_HUJI,396,5_Angstroms/emb1,3.654045,2.405234
147,/home/share/wesolowski/NR_CGE_HUJI,397,5_Angstroms/emb1,3.5287,2.570621
148,/home/share/wesolowski/NR_CGE_HUJI,398,5_Angstroms/emb1,3.431065,2.490269
149,/home/share/wesolowski/NR_CGE_HUJI,399,5_Angstroms/emb1,3.749101,2.587671
150,/home/share/wesolowski/NR_CGE_HUJI,400,5_Angstroms/emb1,3.163559,2.520976
151,/home/share/wesolowski/NR_CGE_HUJI,401,5_Angstroms/emb1,3.370483,2.405244
152,/home/share/wesolowski/NR_CGE_HUJI,402,5_Angstroms/emb1,3.244659,2.510546
153,/home/share/wesolowski/NR_CGE_HUJI,403,5_Angstroms/emb1,3.405714,2.577445
154,/home/share/wesolowski/NR_CGE_HUJI,404,5_Angstroms/emb1,3.08108,2.645044
155,/home/share/wesolowski/NR_CGE_HUJI,405,5_Angstroms/emb1,3.495783,2.549005
156,/home/share/wesolowski/NR_CGE_HUJI,406,5_Angstroms/emb1,3.529269,2.484831
157,/home/share/wesolowski/NR_CGE_HUJI,407,5_Angstroms/emb1,3.295744,2.63223
158,/home/share/wesolowski/NR_CGE_HUJI,408,5_Angstroms/emb1,3.518097,2.588586
159,/home/share/wesolowski/NR_CGE_HUJI,409,5_Angstroms/emb1,3.525573,2.499914
160,/home/share/wesolowski/NR_CGE_HUJI,410,5_Angstroms/emb1,3.207008,2.665022
161,/home/share/wesolowski/NR_CGE_HUJI,411,5_Angstroms/emb1,3.434948,2.540146
162,/home/share/wesolowski/NR_CGE_HUJI,412,5_Angstroms/emb1,3.49326,2.634424
163,/home/share/wesolowski/NR_CGE_HUJI,413,5_Angstroms/emb1,3.408725,2.386447
164,/home/share/wesolowski/NR_CGE_HUJI,414,5_Angstroms/emb1,3.413619,2.537228
165,/home/share/wesolowski/NR_CGE_HUJI,415,5_Angstroms/emb1,3.269504,2.439924
166,/home/share/wesolowski/NR_CGE_HUJI,416,5_Angstroms/emb1,3.544771,2.571504
167,/home/share/wesolowski/NR_CGE_HUJI,417,5_Angstroms/emb1,3.320891,2.506377
168,/home/share/wesolowski/NR_CGE_HUJI,418,5_Angstroms/emb1,3.340295,2.511228
169,/home/share/wesolowski/NR_CGE_HUJI,419,5_Angstroms/emb1,3.3459,2.567185
170,/home/share/wesolowski/NR_CGE_HUJI,420,5_Angstroms/emb1,3.428815,2.491396
171,/home/share/wesolowski/NR_CGE_HUJI,421,5_Angstroms/emb1,3.124095,2.642797
172,/home/share/wesolowski/NR_CGE_HUJI,422,5_Angstroms/emb1,3.623768,2.623229
173,/home/share/wesolowski/NR_CGE_HUJI,423,5_Angstroms/emb1,3.552532,2.538253
174,/home/share/wesolowski/NR_CGE_HUJI,424,5_Angstroms/emb1,3.37697,2.457908
175,/home/share/wesolowski/NR_CGE_HUJI,425,5_Angstroms/emb1,3.771957,2.53012
176,/home/share/wesolowski/NR_CGE_HUJI,426,5_Angstroms/emb1,3.664393,2.476487
177,/home/share/wesolowski/NR_CGE_HUJI,427,5_Angstroms/emb1,3.233275,2.589923
178,/home/share/wesolowski/NR_CGE_HUJI,428,5_Angstroms/emb1,3.649813,2.559589
179,/home/share/wesolowski/NR_CGE_HUJI,429,5_Angstroms/emb1,3.288969,2.482361
180,/home/share/wesolowski/NR_CGE_HUJI,430,5_Angstroms/emb1,3.566266,2.512006
181,/home/share/wesolowski/NR_CGE_HUJI,431,5_Angstroms/emb1,3.413441,2.592094
182,/home/share/wesolowski/NR_CGE_HUJI,432,5_Angstroms/emb1,3.713158,2.608577
183,/home/share/wesolowski/NR_CGE_HUJI,433,5_Angstroms/emb1,3.534056,2.47566
184,/home/share/wesolowski/NR_CGE_HUJI,434,5_Angstroms/emb1,3.363204,2.464952
185,/home/share/wesolowski/NR_CGE_HUJI,435,5_Angstroms/emb1,3.365863,2.495858
186,/home/share/wesolowski/NR_CGE_HUJI,436,5_Angstroms/emb1,3.342512,2.481715
187,/home/share/wesolowski/NR_CGE_HUJI,437,5_Angstroms/emb1,3.809263,2.67491
188,/home/share/wesolowski/NR_CGE_HUJI,438,5_Angstroms/emb1,3.629384,2.562029
189,/home/share/wesolowski/NR_CGE_HUJI,439,5_Angstroms/emb1,3.258203,2.479691
190,/home/share/wesolowski/NR_CGE_HUJI,440,5_Angstroms/emb1,3.376139,2.590958
191,/home/share/wesolowski/NR_CGE_HUJI,441,5_Angstroms/emb1,3.614952,2.711582
192,/home/share/wesolowski/NR_CGE_HUJI,442,5_Angstroms/emb1,3.437552,2.558149
193,/home/share/wesolowski/NR_CGE_HUJI,443,5_Angstroms/emb1,3.498262,2.510891
194,/home/share/wesolowski/NR_CGE_HUJI,444,5_Angstroms/emb1,3.330893,2.662465
195,/home/share/wesolowski/NR_CGE_HUJI,445,5_Angstroms/emb1,3.778066,2.547555
196,/home/share/wesolowski/NR_CGE_HUJI,446,5_Angstroms/emb1,3.696942,2.453564
197,/home/share/wesolowski/NR_CGE_HUJI,447,5_Angstroms/emb1,3.321471,2.452131
198,/home/share/wesolowski/NR_CGE_HUJI,448,5_Angstroms/emb1,3.388632,2.366973
199,/home/share/wesolowski/NR_CGE_HUJI,449,5_Angstroms/emb1,3.245101,2.62054
200,/home/share/wesolowski/NR_CGE_HUJI,450,5_Angstroms/emb1,3.389932,2.502032
201,/home/share/wesolowski/NR_CGE_HUJI,451,5_Angstroms/emb1,3.641149,2.4328
202,/home/share/wesolowski/NR_CGE_HUJI,452,5_Angstroms/emb1,3.416564,2.570148
203,/home/share/wesolowski/NR_CGE_HUJI,453,5_Angstroms/emb1,3.412937,2.673935
204,/home/share/wesolowski/NR_CGE_HUJI,454,5_Angstroms/emb1,3.511919,2.54026
205,/home/share/wesolowski/NR_CGE_HUJI,455,5_Angstroms/emb1,3.459855,2.574475
206,/home/share/wesolowski/NR_CGE_HUJI,456,5_Angstroms/emb1,3.646132,2.561616
207,/home/share/wesolowski/NR_CGE_HUJI,457,5_Angstroms/emb1,3.519479,2.554488
208,/home/share/wesolowski/NR_CGE_HUJI,458,5_Angstroms/emb1,3.214473,2.590568
209,/home/share/wesolowski/NR_CGE_HUJI,459,5_Angstroms/emb1,3.518986,2.538022
210,/home/share/wesolowski/NR_CGE_HUJI,460,5_Angstroms/emb1,3.645154,2.540481
211,/home/share/wesolowski/NR_CGE_HUJI,461,5_Angstroms/emb1,3.400857,2.492371
212,/home/share/wesolowski/NR_CGE_HUJI,462,5_Angstroms/emb1,3.277651,2.522745
213,/home/share/wesolowski/NR_CGE_HUJI,463,5_Angstroms/emb1,3.580859,2.549526
214,/home/share/wesolowski/NR_CGE_HUJI,464,5_Angstroms/emb1,3.443009,2.61614
215,/home/share/wesolowski/NR_CGE_HUJI,465,5_Angstroms/emb1,3.484987,2.521068
216,/home/share/wesolowski/NR_CGE_HUJI,466,5_Angstroms/emb1,3.253801,2.597249
217,/home/share/wesolowski/NR_CGE_HUJI,467,5_Angstroms/emb1,3.25059,2.564941
218,/home/share/wesolowski/NR_CGE_HUJI,468,5_Angstroms/emb1,3.320998,2.60021
219,/home/share/wesolowski/NR_CGE_HUJI,469,5_Angstroms/emb1,3.460652,2.547116
220,/home/share/wesolowski/NR_CGE_HUJI,470,5_Angstroms/emb1,3.317863,2.580216
221,/home/share/wesolowski/NR_CGE_HUJI,471,5_Angstroms/emb1,3.220272,2.642472
222,/home/share/wesolowski/NR_CGE_HUJI,472,5_Angstroms/emb1,3.282324,2.577292
223,/home/share/wesolowski/NR_CGE_HUJI,473,5_Angstroms/emb1,3.243859,2.653865
224,/home/share/wesolowski/NR_CGE_HUJI,474,5_Angstroms/emb1,3.287592,2.534345
225,/home/share/wesolowski/NR_CGE_HUJI,475,5_Angstroms/emb1,3.47654,2.477668
226,/home/share/wesolowski/NR_CGE_HUJI,476,5_Angstroms/emb1,3.470951,2.578544
227,/home/share/wesolowski/NR_CGE_HUJI,477,5_Angstroms/emb1,3.301997,2.527452
228,/home/share/wesolowski/NR_CGE_HUJI,478,5_Angstroms/emb1,3.620779,2.547032
229,/home/share/wesolowski/NR_CGE_HUJI,479,5_Angstroms/emb1,3.555512,2.613345
230,/home/share/wesolowski/NR_CGE_HUJI,480,5_Angstroms/emb1,3.45156,2.482883
231,/home/share/wesolowski/NR_CGE_HUJI,481,5_Angstroms/emb1,3.306428,2.552691
232,/home/share/wesolowski/NR_CGE_HUJI,482,5_Angstroms/emb1,3.294321,2.558236
233,/home/share/wesolowski/NR_CGE_HUJI,483,5_Angstroms/emb1,3.438633,2.478052
234,/home/share/wesolowski/NR_CGE_HUJI,484,5_Angstroms/emb1,3.136842,2.533069
235,/home/share/wesolowski/NR_CGE_HUJI,485,5_Angstroms/emb1,3.768318,2.575264
236,/home/share/wesolowski/NR_CGE_HUJI,486,5_Angstroms/emb1,3.385647,2.554964
237,/home/share/wesolowski/NR_CGE_HUJI,487,5_Angstroms/emb1,3.547174,2.379731
238,/home/share/wesolowski/NR_CGE_HUJI,488,5_Angstroms/emb1,3.694229,2.478573
239,/home/share/wesolowski/NR_CGE_HUJI,489,5_Angstroms/emb1,3.297918,2.590138
240,/home/share/wesolowski/NR_CGE_HUJI,490,5_Angstroms/emb1,3.652524,2.619576
241,/home/share/wesolowski/NR_CGE_HUJI,491,5_Angstroms/emb1,3.275421,2.473961
242,/home/share/wesolowski/NR_CGE_HUJI,492,5_Angstroms/emb1,3.77315,2.630079
243,/home/share/wesolowski/NR_CGE_HUJI,493,5_Angstroms/emb1,3.670612,2.6108
244,/home/share/wesolowski/NR_CGE_HUJI,494,5_Angstroms/emb1,3.549109,2.548242
245,/home/share/wesolowski/NR_CGE_HUJI,495,5_Angstroms/emb1,3.447429,2.512372
246,/home/share/wesolowski/NR_CGE_HUJI,496,5_Angstroms/emb1,3.53447,2.578262
247,/home/share/wesolowski/NR_CGE_HUJI,497,5_Angstroms/emb1,3.352396,2.588223
248,/home/share/wesolowski/NR_CGE_HUJI,498,5_Angstroms/emb1,3.319823,2.519454
249,/home/share/wesolowski/NR_CGE_HUJI,499,5_Angstroms/emb1,3.442928,2.466513
250,/home/share/wesolowski/NR_CGE_HUJI,500,5_Angstroms/emb1,3.329298,2.559355
251,/home/share/wesolowski/NR_CGE_HUJI,501,5_Angstroms/emb1,3.204402,2.557144
252,/home/share/wesolowski/NR_CGE_HUJI,502,5_Angstroms/emb1,3.20746,2.576851
253,/home/share/wesolowski/NR_CGE_HUJI,503,5_Angstroms/emb1,3.427893,2.62804
254,/home/share/wesolowski/NR_CGE_HUJI,504,5_Angstroms/emb1,3.293493,2.603345
255,/home/share/wesolowski/NR_CGE_HUJI,505,5_Angstroms/emb1,3.531043,2.34446
256,/home/share/wesolowski/NR_CGE_HUJI,506,5_Angstroms/emb1,3.161012,2.617802
257,/home/share/wesolowski/NR_CGE_HUJI,507,5_Angstroms/emb1,3.733956,2.523566
258,/home/share/wesolowski/NR_CGE_HUJI,508,5_Angstroms/emb1,3.35131,2.559741
259,/home/share/wesolowski/NR_CGE_HUJI,509,5_Angstroms/emb1,3.343096,2.54543
260,/home/share/wesolowski/NR_CGE_HUJI,510,5_Angstroms/emb1,3.269109,2.449648
261,/home/share/wesolowski/NR_CGE_HUJI,511,5_Angstroms/emb1,3.16186,2.458284
262,/home/share/wesolowski/NR_CGE_HUJI,512,5_Angstroms/emb1,3.291265,2.640323
263,/home/share/wesolowski/NR_CGE_HUJI,513,5_Angstroms/emb1,3.238374,2.508921
264,/home/share/wesolowski/NR_CGE_HUJI,514,5_Angstroms/emb1,3.358661,2.583549
265,/home/share/wesolowski/NR_CGE_HUJI,515,5_Angstroms/emb1,3.441462,2.563382
266,/home/share/wesolowski/NR_CGE_HUJI,516,5_Angstroms/emb1,3.268443,2.641938
267,/home/share/wesolowski/NR_CGE_HUJI,517,5_Angstroms/emb1,3.688984,2.553359
268,/home/share/wesolowski/NR_CGE_HUJI,518,5_Angstroms/emb1,3.635656,2.613087
269,/home/share/wesolowski/NR_CGE_HUJI,519,5_Angstroms/emb1,3.424788,2.516295
270,/home/share/wesolowski/NR_CGE_HUJI,520,5_Angstroms/emb1,3.075889,2.627127
271,/home/share/wesolowski/NR_CGE_HUJI,521,5_Angstroms/emb1,3.550841,2.493102
272,/home/share/wesolowski/NR_CGE_HUJI,522,5_Angstroms/emb1,3.694802,2.582314
273,/home/share/wesolowski/NR_CGE_HUJI,523,5_Angstroms/emb1,3.173429,2.596065
274,/home/share/wesolowski/NR_CGE_HUJI,524,5_Angstroms/emb1,3.12217,2.521231
275,/home/share/wesolowski/NR_CGE_HUJI,525,5_Angstroms/emb1,3.16714,2.526744
276,/home/share/wesolowski/NR_CGE_HUJI,526,5_Angstroms/emb1,3.73362,2.600467
277,/home/share/wesolowski/NR_CGE_HUJI,527,5_Angstroms/emb1,3.355832,2.346556
278,/home/share/wesolowski/NR_CGE_HUJI,528,5_Angstroms/emb1,3.278437,2.555733
279,/home/share/wesolowski/NR_CGE_HUJI,529,5_Angstroms/emb1,3.468308,2.429141
280,/home/share/wesolowski/NR_CGE_HUJI,530,5_Angstroms/emb1,3.079897,2.54204
281,/home/share/wesolowski/NR_CGE_HUJI,531,5_Angstroms/emb1,3.405722,2.545484
282,/home/share/wesolowski/NR_CGE_HUJI,532,5_Angstroms/emb1,3.337943,2.552785
283,/home/share/wesolowski/NR_CGE_HUJI,533,5_Angstroms/emb1,3.580327,2.522715
284,/home/share/wesolowski/NR_CGE_HUJI,534,5_Angstroms/emb1,3.374179,2.47409
285,/home/share/wesolowski/NR_CGE_HUJI,535,5_Angstroms/emb1,3.702451,2.573788
286,/home/share/wesolowski/NR_CGE_HUJI,536,5_Angstroms/emb1,3.439114,2.567498
287,/home/share/wesolowski/NR_CGE_HUJI,537,5_Angstroms/emb1,3.137543,2.548018
288,/home/share/wesolowski/NR_CGE_HUJI,538,5_Angstroms/emb1,3.540659,2.650773
289,/home/share/wesolowski/NR_CGE_HUJI,539,5_Angstroms/emb1,3.368519,2.474196
290,/home/share/wesolowski/NR_CGE_HUJI,540,5_Angstroms/emb1,3.607784,2.553386
291,/home/share/wesolowski/NR_CGE_HUJI,541,5_Angstroms/emb1,3.349584,2.636823
292,/home/share/wesolowski/NR_CGE_HUJI,542,5_Angstroms/emb1,3.417779,2.573984
293,/home/share/wesolowski/NR_CGE_HUJI,543,5_Angstroms/emb1,3.440385,2.564985
294,/home/share/wesolowski/NR_CGE_HUJI,544,5_Angstroms/emb1,3.322095,2.558493
295,/home/share/wesolowski/NR_CGE_HUJI,545,5_Angstroms/emb1,3.390316,2.635884
296,/home/share/wesolowski/NR_CGE_HUJI,546,5_Angstroms/emb1,3.341921,2.544574
297,/home/share/wesolowski/NR_CGE_HUJI,547,5_Angstroms/emb1,3.458507,2.577524
298,/home/share/wesolowski/NR_CGE_HUJI,548,5_Angstroms/emb1,3.408758,2.686387
299,/home/share/wesolowski/NR_CGE_HUJI,549,5_Angstroms/emb1,3.216082,2.449424
300,/home/share/wesolowski/NR_CGE_HUJI,550,5_Angstroms/emb1,3.66296,2.596528
301,/home/share/wesolowski/NR_CGE_HUJI,551,5_Angstroms/emb1,3.588842,2.574808
302,/home/share/wesolowski/NR_CGE_HUJI,552,5_Angstroms/emb1,3.336978,2.507552
303,/home/share/wesolowski/NR_CGE_HUJI,553,5_Angstroms/emb1,3.290591,2.487145
304,/home/share/wesolowski/NR_CGE_HUJI,554,5_Angstroms/emb1,3.675307,2.476991
305,/home/share/wesolowski/NR_CGE_HUJI,555,5_Angstroms/emb1,3.423838,2.533343
306,/home/share/wesolowski/NR_CGE_HUJI,556,5_Angstroms/emb1,3.279714,2.577065
307,/home/share/wesolowski/NR_CGE_HUJI,557,5_Angstroms/emb1,3.428166,2.48164
308,/home/share/wesolowski/NR_CGE_HUJI,558,5_Angstroms/emb1,3.885196,2.593376
309,/home/share/wesolowski/NR_CGE_HUJI,559,5_Angstroms/emb1,3.497775,2.473176
310,/home/share/wesolowski/NR_CGE_HUJI,560,5_Angstroms/emb1,3.41929,2.453353
311,/home/share/wesolowski/NR_CGE_HUJI,561,5_Angstroms/emb1,3.649352,2.490566
312,/home/share/wesolowski/NR_CGE_HUJI,562,5_Angstroms/emb1,3.438994,2.577341
313,/home/share/wesolowski/NR_CGE_HUJI,563,5_Angstroms/emb1,3.147843,2.441009
314,/home/share/wesolowski/NR_CGE_HUJI,564,5_Angstroms/emb1,3.181358,2.590396
315,/home/share/wesolowski/NR_CGE_HUJI,565,5_Angstroms/emb1,3.057064,2.616482
316,/home/share/wesolowski/NR_CGE_HUJI,566,5_Angstroms/emb1,3.441088,2.557952
317,/home/share/wesolowski/NR_CGE_HUJI,567,5_Angstroms/emb1,3.126024,2.579976
318,/home/share/wesolowski/NR_CGE_HUJI,568,5_Angstroms/emb1,3.332809,2.422264
319,/home/share/wesolowski/NR_CGE_HUJI,569,5_Angstroms/emb1,3.387895,2.635182
320,/home/share/wesolowski/NR_CGE_HUJI,570,5_Angstroms/emb1,3.435911,2.46652
321,/home/share/wesolowski/NR_CGE_HUJI,571,5_Angstroms/emb1,3.565244,2.579913
322,/home/share/wesolowski/NR_CGE_HUJI,572,5_Angstroms/emb1,3.382816,2.533649
323,/home/share/wesolowski/NR_CGE_HUJI,573,5_Angstroms/emb1,3.17976,2.461817
324,/home/share/wesolowski/NR_CGE_HUJI,574,5_Angstroms/emb1,3.20507,2.585748
325,/home/share/wesolowski/NR_CGE_HUJI,575,5_Angstroms/emb1,3.782938,2.606992
326,/home/share/wesolowski/NR_CGE_HUJI,576,5_Angstroms/emb1,3.303003,2.609698
327,/home/share/wesolowski/NR_CGE_HUJI,577,5_Angstroms/emb1,3.155278,2.630212
328,/home/share/wesolowski/NR_CGE_HUJI,578,5_Angstroms/emb1,3.174133,2.492638
329,/home/share/wesolowski/NR_CGE_HUJI,579,5_Angstroms/emb1,3.350798,2.628942
330,/home/share/wesolowski/NR_CGE_HUJI,580,5_Angstroms/emb1,3.413323,2.412071
331,/home/share/wesolowski/NR_CGE_HUJI,581,5_Angstroms/emb1,3.42481,2.611391
332,/home/share/wesolowski/NR_CGE_HUJI,582,5_Angstroms/emb1,3.343549,2.609769
333,/home/share/wesolowski/NR_CGE_HUJI,583,5_Angstroms/emb1,3.318873,2.592894
334,/home/share/wesolowski/NR_CGE_HUJI,584,5_Angstroms/emb1,3.515076,2.450379
335,/home/share/wesolowski/NR_CGE_HUJI,585,5_Angstroms/emb1,3.494456,2.531698
336,/home/share/wesolowski/NR_CGE_HUJI,586,5_Angstroms/emb1,3.904921,2.575838
337,/home/share/wesolowski/NR_CGE_HUJI,587,5_Angstroms/emb1,3.478365,2.548401
338,/home/share/wesolowski/NR_CGE_HUJI,588,5_Angstroms/emb1,3.323215,2.650595
339,/home/share/wesolowski/NR_CGE_HUJI,589,5_Angstroms/emb1,3.211818,2.545875
340,/home/share/wesolowski/NR_CGE_HUJI,590,5_Angstroms/emb1,3.412076,2.685672
341,/home/share/wesolowski/NR_CGE_HUJI,591,5_Angstroms/emb1,3.284892,2.622779
342,/home/share/wesolowski/NR_CGE_HUJI,592,5_Angstroms/emb1,3.744599,2.538449
343,/home/share/wesolowski/NR_CGE_HUJI,593,5_Angstroms/emb1,3.281525,2.540866
344,/home/share/wesolowski/NR_CGE_HUJI,594,5_Angstroms/emb1,3.368735,2.717133
345,/home/share/wesolowski/NR_CGE_HUJI,595,5_Angstroms/emb1,3.280069,2.558432
346,/home/share/wesolowski/NR_CGE_HUJI,596,5_Angstroms/emb1,3.564006,2.53274
347,/home/share/wesolowski/NR_CGE_HUJI,597,5_Angstroms/emb1,3.409077,2.430052
348,/home/share/wesolowski/NR_CGE_HUJI,598,5_Angstroms/emb1,3.269937,2.484872
349,/home/share/wesolowski/NR_CGE_HUJI,599,5_Angstroms/emb1,3.536599,2.542147
350,/home/share/wesolowski/NR_CGE_HUJI,600,5_Angstroms/emb1,3.697831,2.626362
351,/home/share/wesolowski/NR_CGE_HUJI,601,5_Angstroms/emb1,3.404074,2.543356
352,/home/share/wesolowski/NR_CGE_HUJI,602,5_Angstroms/emb1,3.747,2.379808
353,/home/share/wesolowski/NR_CGE_HUJI,603,5_Angstroms/emb1,3.557505,2.521109
354,/home/share/wesolowski/NR_CGE_HUJI,604,5_Angstroms/emb1,3.352413,2.654628
355,/home/share/wesolowski/NR_CGE_HUJI,605,5_Angstroms/emb1,3.402075,2.591617
356,/home/share/wesolowski/NR_CGE_HUJI,606,5_Angstroms/emb1,3.181666,2.63929
357,/home/share/wesolowski/NR_CGE_HUJI,607,5_Angstroms/emb1,3.487921,2.561872
358,/home/share/wesolowski/NR_CGE_HUJI,608,5_Angstroms/emb1,3.270936,2.613728
359,/home/share/wesolowski/NR_CGE_HUJI,609,5_Angstroms/emb1,3.048167,2.615972
360,/home/share/wesolowski/NR_CGE_HUJI,610,5_Angstroms/emb1,3.12902,2.581059
361,/home/share/wesolowski/NR_CGE_HUJI,611,5_Angstroms/emb1,3.097943,2.55577
362,/home/share/wesolowski/NR_CGE_HUJI,612,5_Angstroms/emb1,3.319053,2.589679
363,/home/share/wesolowski/NR_CGE_HUJI,613,5_Angstroms/emb1,3.343949,2.626913
364,/home/share/wesolowski/NR_CGE_HUJI,614,5_Angstroms/emb1,3.014598,2.576709
365,/home/share/wesolowski/NR_CGE_HUJI,615,5_Angstroms/emb1,3.399132,2.532412
366,/home/share/wesolowski/NR_CGE_HUJI,616,5_Angstroms/emb1,3.349612,2.725558
367,/home/share/wesolowski/NR_CGE_HUJI,617,5_Angstroms/emb1,3.389588,2.466624
368,/home/share/wesolowski/NR_CGE_HUJI,618,5_Angstroms/emb1,3.312543,2.574973
369,/home/share/wesolowski/NR_CGE_HUJI,619,5_Angstroms/emb1,3.257978,2.542634
370,/home/share/wesolowski/NR_CGE_HUJI,620,5_Angstroms/emb1,3.233287,2.416866
371,/home/share/wesolowski/NR_CGE_HUJI,621,5_Angstroms/emb1,3.45288,2.600349
372,/home/share/wesolowski/NR_CGE_HUJI,622,5_Angstroms/emb1,3.438289,2.609253
373,/home/share/wesolowski/NR_CGE_HUJI,623,5_Angstroms/emb1,3.178239,2.511322
374,/home/share/wesolowski/NR_CGE_HUJI,624,5_Angstroms/emb1,3.595042,2.48234
375,/home/share/wesolowski/NR_CGE_HUJI,625,5_Angstroms/emb1,3.266511,2.523922
376,/home/share/wesolowski/NR_CGE_HUJI,626,5_Angstroms/emb1,3.108603,2.564095
377,/home/share/wesolowski/NR_CGE_HUJI,627,5_Angstroms/emb1,3.376376,2.442279
378,/home/share/wesolowski/NR_CGE_HUJI,628,5_Angstroms/emb1,3.77193,2.587762
379,/home/share/wesolowski/NR_CGE_HUJI,629,5_Angstroms/emb1,3.585031,2.570286
380,/home/share/wesolowski/NR_CGE_HUJI,630,5_Angstroms/emb1,3.412631,2.555433
381,/home/share/wesolowski/NR_CGE_HUJI,631,5_Angstroms/emb1,3.362687,2.656778
382,/home/share/wesolowski/NR_CGE_HUJI,632,5_Angstroms/emb1,3.287594,2.43218
383,/home/share/wesolowski/NR_CGE_HUJI,633,5_Angstroms/emb1,3.137204,2.501459
384,/home/share/wesolowski/NR_CGE_HUJI,634,5_Angstroms/emb1,3.463977,2.549506
385,/home/share/wesolowski/NR_CGE_HUJI,635,5_Angstroms/emb1,3.38941,2.491125
386,/home/share/wesolowski/NR_CGE_HUJI,636,5_Angstroms/emb1,3.369934,2.519135
387,/home/share/wesolowski/NR_CGE_HUJI,637,5_Angstroms/emb1,3.282119,2.569356
388,/home/share/wesolowski/NR_CGE_HUJI,638,5_Angstroms/emb1,3.048372,2.642423
389,/home/share/wesolowski/NR_CGE_HUJI,639,5_Angstroms/emb1,3.40783,2.535298
390,/home/share/wesolowski/NR_CGE_HUJI,640,5_Angstroms/emb1,3.502112,2.597006
391,/home/share/wesolowski/NR_CGE_HUJI,641,5_Angstroms/emb1,3.448207,2.462983
392,/home/share/wesolowski/NR_CGE_HUJI,642,5_Angstroms/emb1,3.542094,2.560061
393,/home/share/wesolowski/NR_CGE_HUJI,643,5_Angstroms/emb1,3.535604,2.553043
394,/home/share/wesolowski/NR_CGE_HUJI,644,5_Angstroms/emb1,3.532963,2.590542
395,/home/share/wesolowski/NR_CGE_HUJI,645,5_Angstroms/emb1,3.624177,2.388108
396,/home/share/wesolowski/NR_CGE_HUJI,646,5_Angstroms/emb1,3.704688,2.623966
397,/home/share/wesolowski/NR_CGE_HUJI,647,5_Angstroms/emb1,3.174575,2.581021
398,/home/share/wesolowski/NR_CGE_HUJI,648,5_Angstroms/emb1,3.443656,2.527675
399,/home/share/wesolowski/NR_CGE_HUJI,649,5_Angstroms/emb1,3.303668,2.537293
400,/home/share/wesolowski/NR_CGE_HUJI,650,5_Angstroms/emb1,3.316782,2.504998
401,/home/share/wesolowski/NR_CGE_HUJI,651,5_Angstroms/emb1,4.062159,2.581127
402,/home/share/wesolowski/NR_CGE_HUJI,652,5_Angstroms/emb1,3.339146,2.565971
403,/home/share/wesolowski/NR_CGE_HUJI,653,5_Angstroms/emb1,3.26844,2.560941
404,/home/share/wesolowski/NR_CGE_HUJI,654,5_Angstroms/emb1,3.0904,2.613759
405,/home/share/wesolowski/NR_CGE_HUJI,655,5_Angstroms/emb1,3.641689,2.495068
406,/home/share/wesolowski/NR_CGE_HUJI,656,5_Angstroms/emb1,3.399482,2.5333
407,/home/share/wesolowski/NR_CGE_HUJI,657,5_Angstroms/emb1,3.818115,2.436253
408,/home/share/wesolowski/NR_CGE_HUJI,658,5_Angstroms/emb1,3.476695,2.540205
409,/home/share/wesolowski/NR_CGE_HUJI,659,5_Angstroms/emb1,3.116507,2.57611
410,/home/share/wesolowski/NR_CGE_HUJI,660,5_Angstroms/emb1,3.489102,2.451187
411,/home/share/wesolowski/NR_CGE_HUJI,661,5_Angstroms/emb1,3.285872,2.497185
412,/home/share/wesolowski/NR_CGE_HUJI,662,5_Angstroms/emb1,3.703709,2.541015
413,/home/share/wesolowski/NR_CGE_HUJI,663,5_Angstroms/emb1,3.522784,2.56988
414,/home/share/wesolowski/NR_CGE_HUJI,664,5_Angstroms/emb1,3.221746,2.536192
415,/home/share/wesolowski/NR_CGE_HUJI,665,5_Angstroms/emb1,3.32554,2.72296
416,/home/share/wesolowski/NR_CGE_HUJI,666,5_Angstroms/emb1,3.196341,2.641539
417,/home/share/wesolowski/NR_CGE_HUJI,667,5_Angstroms/emb1,3.487657,2.469369
418,/home/share/wesolowski/NR_CGE_HUJI,668,5_Angstroms/emb1,3.315452,2.433398
419,/home/share/wesolowski/NR_CGE_HUJI,669,5_Angstroms/emb1,3.232155,2.598596
420,/home/share/wesolowski/NR_CGE_HUJI,670,5_Angstroms/emb1,3.337142,2.585338
421,/home/share/wesolowski/NR_CGE_HUJI,671,5_Angstroms/emb1,3.479918,2.618685
422,/home/share/wesolowski/NR_CGE_HUJI,672,5_Angstroms/emb1,3.157766,2.522584
423,/home/share/wesolowski/NR_CGE_HUJI,673,5_Angstroms/emb1,3.370889,2.6632
424,/home/share/wesolowski/NR_CGE_HUJI,674,5_Angstroms/emb1,3.176877,2.57846
425,/home/share/wesolowski/NR_CGE_HUJI,675,5_Angstroms/emb1,3.353748,2.656182
426,/home/share/wesolowski/NR_CGE_HUJI,676,5_Angstroms/emb1,3.535818,2.590838
427,/home/share/wesolowski/NR_CGE_HUJI,677,5_Angstroms/emb1,3.568056,2.732836
428,/home/share/wesolowski/NR_CGE_HUJI,678,5_Angstroms/emb1,3.45011,2.562059
429,/home/share/wesolowski/NR_CGE_HUJI,679,5_Angstroms/emb1,3.479296,2.542598
430,/home/share/wesolowski/NR_CGE_HUJI,680,5_Angstroms/emb1,3.465367,2.578108
431,/home/share/wesolowski/NR_CGE_HUJI,681,5_Angstroms/emb1,3.213699,2.547046
432,/home/share/wesolowski/NR_CGE_HUJI,682,5_Angstroms/emb1,3.10728,2.545331
433,/home/share/wesolowski/NR_CGE_HUJI,683,5_Angstroms/emb1,3.715646,2.387357
434,/home/share/wesolowski/NR_CGE_HUJI,684,5_Angstroms/emb1,3.568859,2.473624
435,/home/share/wesolowski/NR_CGE_HUJI,685,5_Angstroms/emb1,3.504925,2.563032
436,/home/share/wesolowski/NR_CGE_HUJI,686,5_Angstroms/emb1,3.282922,2.555586
437,/home/share/wesolowski/NR_CGE_HUJI,687,5_Angstroms/emb1,3.379515,2.585896
438,/home/share/wesolowski/NR_CGE_HUJI,688,5_Angstroms/emb1,3.479136,2.600037
439,/home/share/wesolowski/NR_CGE_HUJI,689,5_Angstroms/emb1,3.347812,2.408721
440,/home/share/wesolowski/NR_CGE_HUJI,690,5_Angstroms/emb1,4.072809,2.61997
441,/home/share/wesolowski/NR_CGE_HUJI,691,5_Angstroms/emb1,3.589703,2.440551
442,/home/share/wesolowski/NR_CGE_HUJI,692,5_Angstroms/emb1,3.294144,2.474956
443,/home/share/wesolowski/NR_CGE_HUJI,693,5_Angstroms/emb1,3.536763,2.544947
444,/home/share/wesolowski/NR_CGE_HUJI,694,5_Angstroms/emb1,3.45577,2.524227
445,/home/share/wesolowski/NR_CGE_HUJI,695,5_Angstroms/emb1,3.237555,2.595971
446,/home/share/wesolowski/NR_CGE_HUJI,696,5_Angstroms/emb1,3.300274,2.529267
447,/home/share/wesolowski/NR_CGE_HUJI,697,5_Angstroms/emb1,3.337576,2.474793
448,/home/share/wesolowski/NR_CGE_HUJI,698,5_Angstroms/emb1,3.596806,2.517806
449,/home/share/wesolowski/NR_CGE_HUJI,699,5_Angstroms/emb1,3.235264,2.552374
450,/home/share/wesolowski/NR_CGE_HUJI,700,5_Angstroms/emb1,3.432056,2.645022
451,/home/share/wesolowski/NR_CGE_HUJI,701,5_Angstroms/emb1,3.282824,2.494737
452,/home/share/wesolowski/NR_CGE_HUJI,702,5_Angstroms/emb1,3.598198,2.646153
453,/home/share/wesolowski/NR_CGE_HUJI,703,5_Angstroms/emb1,3.467607,2.562152
454,/home/share/wesolowski/NR_CGE_HUJI,704,5_Angstroms/emb1,3.351201,2.497032
455,/home/share/wesolowski/NR_CGE_HUJI,705,5_Angstroms/emb1,3.347298,2.511488
456,/home/share/wesolowski/NR_CGE_HUJI,706,5_Angstroms/emb1,3.124988,2.538469
457,/home/share/wesolowski/NR_CGE_HUJI,707,5_Angstroms/emb1,3.442051,2.531749
458,/home/share/wesolowski/NR_CGE_HUJI,708,5_Angstroms/emb1,3.565314,2.53555
459,/home/share/wesolowski/NR_CGE_HUJI,709,5_Angstroms/emb1,3.359922,2.580108
460,/home/share/wesolowski/NR_CGE_HUJI,710,5_Angstroms/emb1,3.545615,2.688214
461,/home/share/wesolowski/NR_CGE_HUJI,711,5_Angstroms/emb1,3.39066,2.538918
462,/home/share/wesolowski/NR_CGE_HUJI,712,5_Angstroms/emb1,3.452126,2.480967
463,/home/share/wesolowski/NR_CGE_HUJI,713,5_Angstroms/emb1,3.584224,2.60096
464,/home/share/wesolowski/NR_CGE_HUJI,714,5_Angstroms/emb1,3.416806,2.542343
465,/home/share/wesolowski/NR_CGE_HUJI,715,5_Angstroms/emb1,3.429823,2.527119
466,/home/share/wesolowski/NR_CGE_HUJI,716,5_Angstroms/emb1,3.368619,2.388227
467,/home/share/wesolowski/NR_CGE_HUJI,717,5_Angstroms/emb1,3.685894,2.516132
468,/home/share/wesolowski/NR_CGE_HUJI,718,5_Angstroms/emb1,3.488846,2.655221
469,/home/share/wesolowski/NR_CGE_HUJI,719,5_Angstroms/emb1,3.360005,2.558899
470,/home/share/wesolowski/NR_CGE_HUJI,720,5_Angstroms/emb1,3.628457,2.569675
471,/home/share/wesolowski/NR_CGE_HUJI,721,5_Angstroms/emb1,3.602353,2.63076
472,/home/share/wesolowski/NR_CGE_HUJI,722,5_Angstroms/emb1,3.650748,2.565842
473,/home/share/wesolowski/NR_CGE_HUJI,723,5_Angstroms/emb1,3.401389,2.581618
474,/home/share/wesolowski/NR_CGE_HUJI,724,5_Angstroms/emb1,3.551059,2.537534
475,/home/share/wesolowski/NR_CGE_HUJI,725,5_Angstroms/emb1,3.698183,2.527905
476,/home/share/wesolowski/NR_CGE_HUJI,726,5_Angstroms/emb1,3.736171,2.555433
477,/home/share/wesolowski/NR_CGE_HUJI,727,5_Angstroms/emb1,3.592571,2.596757
478,/home/share/wesolowski/NR_CGE_HUJI,728,5_Angstroms/emb1,3.229757,2.528605
479,/home/share/wesolowski/NR_CGE_HUJI,729,5_Angstroms/emb1,3.472933,2.531788
480,/home/share/wesolowski/NR_CGE_HUJI,730,5_Angstroms/emb1,3.169379,2.454394
481,/home/share/wesolowski/NR_CGE_HUJI,731,5_Angstroms/emb1,3.558801,2.62002
482,/home/share/wesolowski/NR_CGE_HUJI,732,5_Angstroms/emb1,3.344202,2.517396
483,/home/share/wesolowski/NR_CGE_HUJI,733,5_Angstroms/emb1,3.320138,2.632741
484,/home/share/wesolowski/NR_CGE_HUJI,734,5_Angstroms/emb1,3.006107,2.544023
485,/home/share/wesolowski/NR_CGE_HUJI,735,5_Angstroms/emb1,3.518355,2.545331
486,/home/share/wesolowski/NR_CGE_HUJI,736,5_Angstroms/emb1,3.172568,2.602905
487,/home/share/wesolowski/NR_CGE_HUJI,737,5_Angstroms/emb1,3.559626,2.465633
488,/home/share/wesolowski/NR_CGE_HUJI,738,5_Angstroms/emb1,3.558958,2.376298
489,/home/share/wesolowski/NR_CGE_HUJI,739,5_Angstroms/emb1,3.354869,2.544697
490,/home/share/wesolowski/NR_CGE_HUJI,740,5_Angstroms/emb1,3.696962,2.621378
491,/home/share/wesolowski/NR_CGE_HUJI,741,5_Angstroms/emb1,3.371072,2.572796
492,/home/share/wesolowski/NR_CGE_HUJI,742,5_Angstroms/emb1,3.220298,2.603302
493,/home/share/wesolowski/NR_CGE_HUJI,743,5_Angstroms/emb1,3.605941,2.425824
494,/home/share/wesolowski/NR_CGE_HUJI,744,5_Angstroms/emb1,3.489202,2.617829
495,/home/share/wesolowski/NR_CGE_HUJI,745,5_Angstroms/emb1,3.298143,2.467974
496,/home/share/wesolowski/NR_CGE_HUJI,746,5_Angstroms/emb1,3.29918,2.490659
497,/home/share/wesolowski/NR_CGE_HUJI,747,5_Angstroms/emb1,3.625916,2.603112
498,/home/share/wesolowski/NR_CGE_HUJI,748,5_Angstroms/emb1,3.12896,2.500408
499,/home/share/wesolowski/NR_CGE_HUJI,749,5_Angstroms/emb1,3.58162,2.48102
500,/home/share/wesolowski/NR_CGE_HUJI,750,5_Angstroms/emb1,3.587304,2.519896
501,/home/share/wesolowski/NR_CGE_HUJI,751,5_Angstroms/emb1,3.394038,2.420099
502,/home/share/wesolowski/NR_CGE_HUJI,752,5_Angstroms/emb1,3.22877,2.538329
503,/home/share/wesolowski/NR_CGE_HUJI,753,5_Angstroms/emb1,3.204383,2.521134
504,/home/share/wesolowski/NR_CGE_HUJI,754,5_Angstroms/emb1,3.412727,2.603409
505,/home/share/wesolowski/NR_CGE_HUJI,755,5_Angstroms/emb1,3.103036,2.517233
506,/home/share/wesolowski/NR_CGE_HUJI,756,5_Angstroms/emb1,3.21122,2.534535
507,/home/share/wesolowski/NR_CGE_HUJI,757,5_Angstroms/emb1,3.447948,2.570995
508,/home/share/wesolowski/NR_CGE_HUJI,758,5_Angstroms/emb1,3.384276,2.64515
509,/home/share/wesolowski/NR_CGE_HUJI,759,5_Angstroms/emb1,3.421522,2.545559
510,/home/share/wesolowski/NR_CGE_HUJI,760,5_Angstroms/emb1,3.490977,2.431064
511,/home/share/wesolowski/NR_CGE_HUJI,761,5_Angstroms/emb1,3.411217,2.566452
512,/home/share/wesolowski/NR_CGE_HUJI,762,5_Angstroms/emb1,3.414219,2.539885
513,/home/share/wesolowski/NR_CGE_HUJI,763,5_Angstroms/emb1,3.450539,2.566023
514,/home/share/wesolowski/NR_CGE_HUJI,764,5_Angstroms/emb1,3.424773,2.599178
515,/home/share/wesolowski/NR_CGE_HUJI,765,5_Angstroms/emb1,3.535148,2.493747
516,/home/share/wesolowski/NR_CGE_HUJI,766,5_Angstroms/emb1,3.31455,2.481183
517,/home/share/wesolowski/NR_CGE_HUJI,767,5_Angstroms/emb1,3.369881,2.583838
518,/home/share/wesolowski/NR_CGE_HUJI,768,5_Angstroms/emb1,3.430107,2.620799
519,/home/share/wesolowski/NR_CGE_HUJI,769,5_Angstroms/emb1,3.6475,2.4837
520,/home/share/wesolowski/NR_CGE_HUJI,770,5_Angstroms/emb1,3.629219,2.482457
521,/home/share/wesolowski/NR_CGE_HUJI,771,5_Angstroms/emb1,3.339569,2.605163
522,/home/share/wesolowski/NR_CGE_HUJI,772,5_Angstroms/emb1,3.280685,2.569747
523,/home/share/wesolowski/NR_CGE_HUJI,773,5_Angstroms/emb1,3.215702,2.594264
524,/home/share/wesolowski/NR_CGE_HUJI,774,5_Angstroms/emb1,3.455784,2.603291
525,/home/share/wesolowski/NR_CGE_HUJI,775,5_Angstroms/emb1,3.55539,2.524887
526,/home/share/wesolowski/NR_CGE_HUJI,776,5_Angstroms/emb1,3.099577,2.638959
527,/home/share/wesolowski/NR_CGE_HUJI,777,5_Angstroms/emb1,3.721172,2.548768
528,/home/share/wesolowski/NR_CGE_HUJI,778,5_Angstroms/emb1,3.578804,2.611901
529,/home/share/wesolowski/NR_CGE_HUJI,779,5_Angstroms/emb1,3.267297,2.528938
530,/home/share/wesolowski/NR_CGE_HUJI,780,5_Angstroms/emb1,3.514028,2.597672
531,/home/share/wesolowski/NR_CGE_HUJI,781,5_Angstroms/emb1,3.558581,2.631818
532,/home/share/wesolowski/NR_CGE_HUJI,782,5_Angstroms/emb1,3.639958,2.523336
533,/home/share/wesolowski/NR_CGE_HUJI,783,5_Angstroms/emb1,3.318529,2.521343
534,/home/share/wesolowski/NR_CGE_HUJI,784,5_Angstroms/emb1,3.500047,2.62899
535,/home/share/wesolowski/NR_CGE_HUJI,785,5_Angstroms/emb1,3.857603,2.56761
536,/home/share/wesolowski/NR_CGE_HUJI,786,5_Angstroms/emb1,3.888293,2.589599
537,/home/share/wesolowski/NR_CGE_HUJI,787,5_Angstroms/emb1,3.592869,2.617193
538,/home/share/wesolowski/NR_CGE_HUJI,788,5_Angstroms/emb1,3.548211,2.412168
539,/home/share/wesolowski/NR_CGE_HUJI,789,5_Angstroms/emb1,3.655785,2.591817
540,/home/share/wesolowski/NR_CGE_HUJI,790,5_Angstroms/emb1,3.529476,2.499609
541,/home/share/wesolowski/NR_CGE_HUJI,791,5_Angstroms/emb1,3.385718,2.560896
542,/home/share/wesolowski/NR_CGE_HUJI,792,5_Angstroms/emb1,3.407524,2.521433
543,/home/share/wesolowski/NR_CGE_HUJI,793,5_Angstroms/emb1,3.331612,2.535417
544,/home/share/wesolowski/NR_CGE_HUJI,794,5_Angstroms/emb1,3.118886,2.561989
545,/home/share/wesolowski/NR_CGE_HUJI,795,5_Angstroms/emb1,3.524522,2.546946
546,/home/share/wesolowski/NR_CGE_HUJI,796,5_Angstroms/emb1,3.44912,2.422542
547,/home/share/wesolowski/NR_CGE_HUJI,797,5_Angstroms/emb1,3.216902,2.54146
548,/home/share/wesolowski/NR_CGE_HUJI,798,5_Angstroms/emb1,3.781966,2.403358
549,/home/share/wesolowski/NR_CGE_HUJI,799,5_Angstroms/emb1,3.493298,2.557643
550,/home/share/wesolowski/NR_CGE_HUJI,800,5_Angstroms/emb1,3.061617,2.594722
551,/home/share/wesolowski/NR_CGE_HUJI,801,5_Angstroms/emb1,3.773288,2.543997
552,/home/share/wesolowski/NR_CGE_HUJI,802,5_Angstroms/emb1,3.302156,2.64606
553,/home/share/wesolowski/NR_CGE_HUJI,803,5_Angstroms/emb1,3.31006,2.562569
554,/home/share/wesolowski/NR_CGE_HUJI,804,5_Angstroms/emb1,3.35906,2.501882
555,/home/share/wesolowski/NR_CGE_HUJI,805,5_Angstroms/emb1,3.376955,2.552879
556,/home/share/wesolowski/NR_CGE_HUJI,806,5_Angstroms/emb1,3.15405,2.595144
557,/home/share/wesolowski/NR_CGE_HUJI,807,5_Angstroms/emb1,3.178208,2.463886
558,/home/share/wesolowski/NR_CGE_HUJI,808,5_Angstroms/emb1,3.744565,2.567714
559,/home/share/wesolowski/NR_CGE_HUJI,809,5_Angstroms/emb1,3.318911,2.601474
560,/home/share/wesolowski/NR_CGE_HUJI,810,5_Angstroms/emb1,3.371482,2.391966
561,/home/share/wesolowski/NR_CGE_HUJI,811,5_Angstroms/emb1,3.585797,2.45508
562,/home/share/wesolowski/NR_CGE_HUJI,812,5_Angstroms/emb1,3.3223,2.633315
563,/home/share/wesolowski/NR_CGE_HUJI,813,5_Angstroms/emb1,3.477592,2.54686
564,/home/share/wesolowski/NR_CGE_HUJI,814,5_Angstroms/emb1,3.203543,2.568951
565,/home/share/wesolowski/NR_CGE_HUJI,815,5_Angstroms/emb1,3.067581,2.550581
566,/home/share/wesolowski/NR_CGE_HUJI,816,5_Angstroms/emb1,3.252058,2.46188
567,/home/share/wesolowski/NR_CGE_HUJI,817,5_Angstroms/emb1,3.812536,2.422558
568,/home/share/wesolowski/NR_CGE_HUJI,818,5_Angstroms/emb1,3.750378,2.566039
569,/home/share/wesolowski/NR_CGE_HUJI,819,5_Angstroms/emb1,3.114178,2.569217
570,/home/share/wesolowski/NR_CGE_HUJI,820,5_Angstroms/emb1,3.163544,2.435538
571,/home/share/wesolowski/NR_CGE_HUJI,821,5_Angstroms/emb1,3.248102,2.50544
572,/home/share/wesolowski/NR_CGE_HUJI,822,5_Angstroms/emb1,3.440293,2.528748
573,/home/share/wesolowski/NR_CGE_HUJI,823,5_Angstroms/emb1,3.296332,2.568397
574,/home/share/wesolowski/NR_CGE_HUJI,824,5_Angstroms/emb1,3.157656,2.625185
575,/home/share/wesolowski/NR_CGE_HUJI,825,5_Angstroms/emb1,3.271057,2.50135
576,/home/share/wesolowski/NR_CGE_HUJI,826,5_Angstroms/emb1,3.387545,2.625395
577,/home/share/wesolowski/NR_CGE_HUJI,827,5_Angstroms/emb1,3.695805,2.486851
578,/home/share/wesolowski/NR_CGE_HUJI,828,5_Angstroms/emb1,3.279235,2.57957
579,/home/share/wesolowski/NR_CGE_HUJI,829,5_Angstroms/emb1,3.018638,2.521343
580,/home/share/wesolowski/NR_CGE_HUJI,830,5_Angstroms/emb1,3.266804,2.519529
581,/home/share/wesolowski/NR_CGE_HUJI,831,5_Angstroms/emb1,3.181922,2.622232
582,/home/share/wesolowski/NR_CGE_HUJI,832,5_Angstroms/emb1,3.370553,2.50902
583,/home/share/wesolowski/NR_CGE_HUJI,833,5_Angstroms/emb1,3.264519,2.460152
584,/home/share/wesolowski/NR_CGE_HUJI,834,5_Angstroms/emb1,3.205654,2.593708
585,/home/share/wesolowski/NR_CGE_HUJI,835,5_Angstroms/emb1,3.414195,2.591445
586,/home/share/wesolowski/NR_CGE_HUJI,836,5_Angstroms/emb1,3.456229,2.503433
587,/home/share/wesolowski/NR_CGE_HUJI,837,5_Angstroms/emb1,3.265703,2.523299
588,/home/share/wesolowski/NR_CGE_HUJI,838,5_Angstroms/emb1,3.472992,2.548926
589,/home/share/wesolowski/NR_CGE_HUJI,839,5_Angstroms/emb1,3.516021,2.489264
590,/home/share/wesolowski/NR_CGE_HUJI,840,5_Angstroms/emb1,3.367662,2.500528
591,/home/share/wesolowski/NR_CGE_HUJI,841,5_Angstroms/emb1,3.315371,2.629941
592,/home/share/wesolowski/NR_CGE_HUJI,842,5_Angstroms/emb1,3.21892,2.565205
593,/home/share/wesolowski/NR_CGE_HUJI,843,5_Angstroms/emb1,3.482001,2.597482
594,/home/share/wesolowski/NR_CGE_HUJI,844,5_Angstroms/emb1,3.58025,2.54948
595,/home/share/wesolowski/NR_CGE_HUJI,845,5_Angstroms/emb1,3.562749,2.49242
596,/home/share/wesolowski/NR_CGE_HUJI,846,5_Angstroms/emb1,3.332454,2.615834
597,/home/share/wesolowski/NR_CGE_HUJI,847,5_Angstroms/emb1,3.739527,2.532597
598,/home/share/wesolowski/NR_CGE_HUJI,848,5_Angstroms/emb1,3.168192,2.564513
599,/home/share/wesolowski/NR_CGE_HUJI,849,5_Angstroms/emb1,3.294313,2.550122
600,/home/share/wesolowski/NR_CGE_HUJI,850,5_Angstroms/emb1,3.412025,2.542811
601,/home/share/wesolowski/NR_CGE_HUJI,851,5_Angstroms/emb1,3.402732,2.642153
602,/home/share/wesolowski/NR_CGE_HUJI,852,5_Angstroms/emb1,3.252169,2.566159
603,/home/share/wesolowski/NR_CGE_HUJI,853,5_Angstroms/emb1,3.401259,2.455127
604,/home/share/wesolowski/NR_CGE_HUJI,854,5_Angstroms/emb1,3.433601,2.557731
605,/home/share/wesolowski/NR_CGE_HUJI,855,5_Angstroms/emb1,3.433136,2.61368
606,/home/share/wesolowski/NR_CGE_HUJI,856,5_Angstroms/emb1,3.379753,2.497681
607,/home/share/wesolowski/NR_CGE_HUJI,857,5_Angstroms/emb1,3.502738,2.521884
608,/home/share/wesolowski/NR_CGE_HUJI,858,5_Angstroms/emb1,3.211093,2.514639
609,/home/share/wesolowski/NR_CGE_HUJI,859,5_Angstroms/emb1,3.583903,2.349249
610,/home/share/wesolowski/NR_CGE_HUJI,860,5_Angstroms/emb1,3.463031,2.496692
611,/home/share/wesolowski/NR_CGE_HUJI,861,5_Angstroms/emb1,3.772679,2.471667
612,/home/share/wesolowski/NR_CGE_HUJI,862,5_Angstroms/emb1,3.674658,2.539007
613,/home/share/wesolowski/NR_CGE_HUJI,863,5_Angstroms/emb1,3.512793,2.609459
614,/home/share/wesolowski/NR_CGE_HUJI,864,5_Angstroms/emb1,3.229919,2.576266
615,/home/share/wesolowski/NR_CGE_HUJI,865,5_Angstroms/emb1,3.33171,2.489919
616,/home/share/wesolowski/NR_CGE_HUJI,866,5_Angstroms/emb1,3.593107,2.504344
617,/home/share/wesolowski/NR_CGE_HUJI,867,5_Angstroms/emb1,3.341693,2.61589
618,/home/share/wesolowski/NR_CGE_HUJI,868,5_Angstroms/emb1,3.015362,2.683142
619,/home/share/wesolowski/NR_CGE_HUJI,869,5_Angstroms/emb1,3.59415,2.642989
620,/home/share/wesolowski/NR_CGE_HUJI,870,5_Angstroms/emb1,3.625091,2.557968
621,/home/share/wesolowski/NR_CGE_HUJI,871,5_Angstroms/emb1,3.429228,2.69901
622,/home/share/wesolowski/NR_CGE_HUJI,872,5_Angstroms/emb1,3.444556,2.490073
623,/home/share/wesolowski/NR_CGE_HUJI,873,5_Angstroms/emb1,3.354379,2.524869
624,/home/share/wesolowski/NR_CGE_HUJI,874,5_Angstroms/emb1,3.309745,2.555948
625,/home/share/wesolowski/NR_CGE_HUJI,875,5_Angstroms/emb1,3.579324,2.419758
626,/home/share/wesolowski/NR_CGE_HUJI,876,5_Angstroms/emb1,3.228014,2.596576
627,/home/share/wesolowski/NR_CGE_HUJI,877,5_Angstroms/emb1,3.543631,2.58585
628,/home/share/wesolowski/NR_CGE_HUJI,878,5_Angstroms/emb1,3.633476,2.356941
629,/home/share/wesolowski/NR_CGE_HUJI,879,5_Angstroms/emb1,3.60281,2.589877
630,/home/share/wesolowski/NR_CGE_HUJI,880,5_Angstroms/emb1,3.339012,2.595656
631,/home/share/wesolowski/NR_CGE_HUJI,881,5_Angstroms/emb1,3.308776,2.596171
632,/home/share/wesolowski/NR_CGE_HUJI,882,5_Angstroms/emb1,3.611726,2.558299
633,/home/share/wesolowski/NR_CGE_HUJI,883,5_Angstroms/emb1,3.450089,2.513731
634,/home/share/wesolowski/NR_CGE_HUJI,884,5_Angstroms/emb1,3.635509,2.633889
635,/home/share/wesolowski/NR_CGE_HUJI,885,5_Angstroms/emb1,3.561408,2.570281
636,/home/share/wesolowski/NR_CGE_HUJI,886,5_Angstroms/emb1,3.266039,2.502515
637,/home/share/wesolowski/NR_CGE_HUJI,887,5_Angstroms/emb1,2.886351,2.521792
638,/home/share/wesolowski/NR_CGE_HUJI,888,5_Angstroms/emb1,3.170273,2.521007
639,/home/share/wesolowski/NR_CGE_HUJI,889,5_Angstroms/emb1,3.465341,2.519377
640,/home/share/wesolowski/NR_CGE_HUJI,890,5_Angstroms/emb1,3.639254,2.472286
641,/home/share/wesolowski/NR_CGE_HUJI,891,5_Angstroms/emb1,3.34621,2.47929
642,/home/share/wesolowski/NR_CGE_HUJI,892,5_Angstroms/emb1,3.499113,2.602562
643,/home/share/wesolowski/NR_CGE_HUJI,893,5_Angstroms/emb1,3.119007,2.508068
644,/home/share/wesolowski/NR_CGE_HUJI,894,5_Angstroms/emb1,3.330618,2.495253
645,/home/share/wesolowski/NR_CGE_HUJI,895,5_Angstroms/emb1,3.36059,2.576486
646,/home/share/wesolowski/NR_CGE_HUJI,896,5_Angstroms/emb1,3.38937,2.531321
647,/home/share/wesolowski/NR_CGE_HUJI,897,5_Angstroms/emb1,3.097738,2.46324
648,/home/share/wesolowski/NR_CGE_HUJI,898,5_Angstroms/emb1,3.17917,2.622221
649,/home/share/wesolowski/NR_CGE_HUJI,899,5_Angstroms/emb1,3.365906,2.599299
650,/home/share/wesolowski/NR_CGE_HUJI,900,5_Angstroms/emb1,3.61385,2.499512
651,/home/share/wesolowski/NR_CGE_HUJI,901,5_Angstroms/emb1,3.195296,2.536323
652,/home/share/wesolowski/NR_CGE_HUJI,902,5_Angstroms/emb1,3.443397,2.510885
653,/home/share/wesolowski/NR_CGE_HUJI,903,5_Angstroms/emb1,3.264101,2.533979
654,/home/share/wesolowski/NR_CGE_HUJI,904,5_Angstroms/emb1,3.296437,2.645439
655,/home/share/wesolowski/NR_CGE_HUJI,905,5_Angstroms/emb1,3.467673,2.431592
656,/home/share/wesolowski/NR_CGE_HUJI,906,5_Angstroms/emb1,3.201821,2.611379
657,/home/share/wesolowski/NR_CGE_HUJI,907,5_Angstroms/emb1,3.060498,2.523856
658,/home/share/wesolowski/NR_CGE_HUJI,908,5_Angstroms/emb1,3.51631,2.509421
659,/home/share/wesolowski/NR_CGE_HUJI,909,5_Angstroms/emb1,3.574148,2.574569
660,/home/share/wesolowski/NR_CGE_HUJI,910,5_Angstroms/emb1,3.294527,2.462098
661,/home/share/wesolowski/NR_CGE_HUJI,911,5_Angstroms/emb1,3.409389,2.502734
662,/home/share/wesolowski/NR_CGE_HUJI,912,5_Angstroms/emb1,3.215297,2.587496
663,/home/share/wesolowski/NR_CGE_HUJI,913,5_Angstroms/emb1,3.423971,2.43424
664,/home/share/wesolowski/NR_CGE_HUJI,914,5_Angstroms/emb1,3.165213,2.505582
665,/home/share/wesolowski/NR_CGE_HUJI,915,5_Angstroms/emb1,3.295905,2.574721
666,/home/share/wesolowski/NR_CGE_HUJI,916,5_Angstroms/emb1,3.368772,2.469868
667,/home/share/wesolowski/NR_CGE_HUJI,917,5_Angstroms/emb1,3.386299,2.569527
668,/home/share/wesolowski/NR_CGE_HUJI,918,5_Angstroms/emb1,3.185467,2.510883
669,/home/share/wesolowski/NR_CGE_HUJI,919,5_Angstroms/emb1,3.600084,2.636676
670,/home/share/wesolowski/NR_CGE_HUJI,920,5_Angstroms/emb1,3.129273,2.578963
671,/home/share/wesolowski/NR_CGE_HUJI,921,5_Angstroms/emb1,3.413592,2.502464
672,/home/share/wesolowski/NR_CGE_HUJI,922,5_Angstroms/emb1,3.42674,2.494247
673,/home/share/wesolowski/NR_CGE_HUJI,923,5_Angstroms/emb1,3.784555,2.523215
674,/home/share/wesolowski/NR_CGE_HUJI,924,5_Angstroms/emb1,3.128144,2.486646
675,/home/share/wesolowski/NR_CGE_HUJI,925,5_Angstroms/emb1,3.186759,2.580401
676,/home/share/wesolowski/NR_CGE_HUJI,926,5_Angstroms/emb1,3.114975,2.512351
677,/home/share/wesolowski/NR_CGE_HUJI,927,5_Angstroms/emb1,3.288383,2.615563
678,/home/share/wesolowski/NR_CGE_HUJI,928,5_Angstroms/emb1,3.13022,2.470639
679,/home/share/wesolowski/NR_CGE_HUJI,929,5_Angstroms/emb1,3.716037,2.420071
680,/home/share/wesolowski/NR_CGE_HUJI,930,5_Angstroms/emb1,3.757941,2.448139
681,/home/share/wesolowski/NR_CGE_HUJI,931,5_Angstroms/emb1,3.395916,2.449409
682,/home/share/wesolowski/NR_CGE_HUJI,932,5_Angstroms/emb1,3.492443,2.502523
683,/home/share/wesolowski/NR_CGE_HUJI,933,5_Angstroms/emb1,3.698686,2.571781
684,/home/share/wesolowski/NR_CGE_HUJI,934,5_Angstroms/emb1,3.437549,2.503935
685,/home/share/wesolowski/NR_CGE_HUJI,935,5_Angstroms/emb1,3.60541,2.540927
686,/home/share/wesolowski/NR_CGE_HUJI,936,5_Angstroms/emb1,3.084027,2.504311
687,/home/share/wesolowski/NR_CGE_HUJI,937,5_Angstroms/emb1,3.145558,2.568214
688,/home/share/wesolowski/NR_CGE_HUJI,938,5_Angstroms/emb1,3.327,2.437301
689,/home/share/wesolowski/NR_CGE_HUJI,939,5_Angstroms/emb1,3.437998,2.487637
690,/home/share/wesolowski/NR_CGE_HUJI,940,5_Angstroms/emb1,3.168858,2.586777
691,/home/share/wesolowski/NR_CGE_HUJI,941,5_Angstroms/emb1,3.281209,2.655013
692,/home/share/wesolowski/NR_CGE_HUJI,942,5_Angstroms/emb1,3.404433,2.585296
693,/home/share/wesolowski/NR_CGE_HUJI,943,5_Angstroms/emb1,3.632726,2.666429
694,/home/share/wesolowski/NR_CGE_HUJI,944,5_Angstroms/emb1,3.68311,2.545011
695,/home/share/wesolowski/NR_CGE_HUJI,945,5_Angstroms/emb1,3.556108,2.409139
696,/home/share/wesolowski/NR_CGE_HUJI,946,5_Angstroms/emb1,3.29848,2.457318
697,/home/share/wesolowski/NR_CGE_HUJI,947,5_Angstroms/emb1,3.245982,2.550247
698,/home/share/wesolowski/NR_CGE_HUJI,948,5_Angstroms/emb1,3.365722,2.55982
699,/home/share/wesolowski/NR_CGE_HUJI,949,5_Angstroms/emb1,3.741534,2.469744
700,/home/share/wesolowski/NR_CGE_HUJI,950,5_Angstroms/emb1,3.560541,2.467662
701,/home/share/wesolowski/NR_CGE_HUJI,951,5_Angstroms/emb1,3.623729,2.459612
702,/home/share/wesolowski/NR_CGE_HUJI,952,5_Angstroms/emb1,3.42985,2.52941
703,/home/share/wesolowski/NR_CGE_HUJI,953,5_Angstroms/emb1,3.451433,2.607254
704,/home/share/wesolowski/NR_CGE_HUJI,954,5_Angstroms/emb1,3.552331,2.515431
705,/home/share/wesolowski/NR_CGE_HUJI,955,5_Angstroms/emb1,3.251779,2.606622
706,/home/share/wesolowski/NR_CGE_HUJI,956,5_Angstroms/emb1,3.534847,2.443814
707,/home/share/wesolowski/NR_CGE_HUJI,957,5_Angstroms/emb1,3.33328,2.505771
708,/home/share/wesolowski/NR_CGE_HUJI,958,5_Angstroms/emb1,3.497169,2.448689
709,/home/share/wesolowski/NR_CGE_HUJI,959,5_Angstroms/emb1,3.727519,2.586972
710,/home/share/wesolowski/NR_CGE_HUJI,960,5_Angstroms/emb1,3.853358,2.609509
711,/home/share/wesolowski/NR_CGE_HUJI,961,5_Angstroms/emb1,3.467341,2.556837
712,/home/share/wesolowski/NR_CGE_HUJI,962,5_Angstroms/emb1,3.226537,2.475457
713,/home/share/wesolowski/NR_CGE_HUJI,963,5_Angstroms/emb1,3.847873,2.503616
714,/home/share/wesolowski/NR_CGE_HUJI,964,5_Angstroms/emb1,3.574969,2.551942
715,/home/share/wesolowski/NR_CGE_HUJI,965,5_Angstroms/emb1,3.578846,2.613396
716,/home/share/wesolowski/NR_CGE_HUJI,966,5_Angstroms/emb1,3.659727,2.443656
717,/home/share/wesolowski/NR_CGE_HUJI,967,5_Angstroms/emb1,3.64246,2.537078
718,/home/share/wesolowski/NR_CGE_HUJI,968,5_Angstroms/emb1,3.404348,2.584779
719,/home/share/wesolowski/NR_CGE_HUJI,969,5_Angstroms/emb1,3.61641,2.517452
720,/home/share/wesolowski/NR_CGE_HUJI,970,5_Angstroms/emb1,3.45642,2.477544
721,/home/share/wesolowski/NR_CGE_HUJI,971,5_Angstroms/emb1,3.376688,2.453035
722,/home/share/wesolowski/NR_CGE_HUJI,972,5_Angstroms/emb1,3.626024,2.410345
723,/home/share/wesolowski/NR_CGE_HUJI,973,5_Angstroms/emb1,3.437286,2.588047
724,/home/share/wesolowski/NR_CGE_HUJI,974,5_Angstroms/emb1,2.988638,2.605481
725,/home/share/wesolowski/NR_CGE_HUJI,975,5_Angstroms/emb1,3.625922,2.449834
726,/home/share/wesolowski/NR_CGE_HUJI,976,5_Angstroms/emb1,3.225619,2.446527
727,/home/share/wesolowski/NR_CGE_HUJI,977,5_Angstroms/emb1,3.318761,2.456029
728,/home/share/wesolowski/NR_CGE_HUJI,978,5_Angstroms/emb1,3.32706,2.471051
729,/home/share/wesolowski/NR_CGE_HUJI,979,5_Angstroms/emb1,3.301188,2.43667
730,/home/share/wesolowski/NR_CGE_HUJI,980,5_Angstroms/emb1,3.644097,2.46805
731,/home/share/wesolowski/NR_CGE_HUJI,981,5_Angstroms/emb1,3.310453,2.526095
732,/home/share/wesolowski/NR_CGE_HUJI,982,5_Angstroms/emb1,3.382018,2.543541
733,/home/share/wesolowski/NR_CGE_HUJI,983,5_Angstroms/emb1,3.357351,2.518806
734,/home/share/wesolowski/NR_CGE_HUJI,984,5_Angstroms/emb1,3.330213,2.595499
735,/home/share/wesolowski/NR_CGE_HUJI,985,5_Angstroms/emb1,3.555948,2.494036
736,/home/share/wesolowski/NR_CGE_HUJI,986,5_Angstroms/emb1,3.548299,2.574294
737,/home/share/wesolowski/NR_CGE_HUJI,987,5_Angstroms/emb1,3.243717,2.51868
738,/home/share/wesolowski/NR_CGE_HUJI,988,5_Angstroms/emb1,3.852883,2.522818
739,/home/share/wesolowski/NR_CGE_HUJI,989,5_Angstroms/emb1,3.448926,2.611208
740,/home/share/wesolowski/NR_CGE_HUJI,990,5_Angstroms/emb1,3.109647,2.556574
741,/home/share/wesolowski/NR_CGE_HUJI,991,5_Angstroms/emb1,3.476186,2.584729
742,/home/share/wesolowski/NR_CGE_HUJI,992,5_Angstroms/emb1,3.255795,2.623857
743,/home/share/wesolowski/NR_CGE_HUJI,993,5_Angstroms/emb1,3.512842,2.661282
744,/home/share/wesolowski/NR_CGE_HUJI,994,5_Angstroms/emb1,3.428705,2.459206
745,/home/share/wesolowski/NR_CGE_HUJI,995,5_Angstroms/emb1,3.499055,2.476098
746,/home/share/wesolowski/NR_CGE_HUJI,996,5_Angstroms/emb1,3.328562,2.504733
747,/home/share/wesolowski/NR_CGE_HUJI,997,5_Angstroms/emb1,3.350495,2.708774
748,/home/share/wesolowski/NR_CGE_HUJI,998,5_Angstroms/emb1,3.224995,2.646856
749,/home/share/wesolowski/NR_CGE_HUJI,999,5_Angstroms/emb1,3.40379,2.519799
